{"_runtime":111.543044181,"_step":0,"_wandb":{"runtime":111},"evaluation/(0.0, 0, 0) to (15.0, 20.0)_success":0,"evaluation/overall_success":0,"_timestamp":1.7685261373457575e+09}