{"_timestamp":1.768526757145674e+09,"_runtime":359.91116923,"_step":50,"_wandb":{"runtime":359},"evaluation/(0.0, 0, 0) to (15.0, 20.0)_success":0,"evaluation/overall_success":0}