{"evaluation/overall_success":0,"_timestamp":1.7685274509446716e+09,"data_collection/plot":{"path":"media/images/data_collection/plot_100_aef01d62ac4ac9901c49.png","format":"png","width":600,"height":600,"_type":"image-file","sha256":"aef01d62ac4ac9901c49c78590b32dcd1a21aa71002092ccdb9e8b907cf3b9df","size":13460},"_wandb":{"runtime":77},"_runtime":77.003562454,"_step":100,"evaluation/(0.0, 0, 0) to (15.0, 20.0)_success":0}